{
  "_format": "hh-sol-cache-2",
  "files": {
    "C:\\Users\\Acer\\Desktop\\Crowdfunding App\\project_crowdfunding2\\web3\\contracts\\CrowdFunding.sol": {
      "lastModificationDate": 1682358675537,
      "contentHash": "2561fda5dac0f3ae004d9fa74af5df0a",
      "sourceName": "contracts/CrowdFunding.sol",
      "solcConfig": {
        "version": "0.8.9",
        "settings": {
          "optimizer": {
            "enabled": true,
            "runs": 200
          },
          "outputSelection": {
            "*": {
              "*": [
                "abi",
                "evm.bytecode",
                "evm.deployedBytecode",
                "evm.methodIdentifiers",
                "metadata"
              ],
              "": [
                "ast"
              ]
            }
          }
        }
      },
      "imports": [],
      "versionPragmas": [
        "^0.8.9"
      ],
      "artifacts": [
        "CrowdFunding"
      ]
    }
  }
}
